"id","name","parent_id","date"
"10","Star Wars",\N,"2023-04-28"
"29","Memories",\N,"1995-12-23"
"34","The Simpsons",\N,"2023-10-01"
"84","Indiana Jones",\N,"2023-05-18"
"119","The Lord of the Rings",\N,"2004-11-02"
"131","Trois Couleurs",\N,"1994-05-01"
"151","Star Trek",\N,"2023-08-10"
"188","Sin City",\N,"2014-08-19"
"230","The Godfather",\N,"2009-04-07"
"263","Batman",\N,"1999-01-16"
"264","Back to the Future",\N,"1990-05-25"
"295","Pirates of the Caribbean",\N,"2017-05-11"
"304","Ocean's",\N,"2018-06-05"
"305","Beverly Hills Cop Serie",\N,"1994-05-25"
"328","Jurassic Park",\N,"2022-05-23"
"399","Predator",\N,"2022-07-21"
"420","The Chronicles of Narnia",\N,"2010-12-02"
"432","Cube Movie Series",\N,"2004-10-15"
"456","Sissi",\N,"1957-12-19"
"495","Shaft Movie Series",\N,"2020-09-11"
"498","Heart of Gold",\N,"2000-05-17"
"528","Terminator",\N,"2019-10-23"
"529","Wallace & Gromit",\N,"2008-12-03"
"645","James Bond - 007",\N,"2021-09-28"
"656","Saw",\N,"2023-10-25"
"735","Blade",\N,"2011-09-16"
"748","X-Men",\N,"2020-08-26"
"749","Miss Marple",\N,"1965-08-01"
"937","The Pink Panther",\N,"2009-06-28"
"945","Lethal Weapon",\N,"2019-02-26"
"1006","Austin Powers",\N,"2002-07-22"
"1241","Harry Potter",\N,"2011-07-14"
"1270","Grindhouse",\N,"2007-06-21"
"1565","28",\N,"2007-05-11"
"1570","Die Hard",\N,"2013-02-07"
"1575","Rocky",\N,"2023-03-01"
"1582","Teenage Mutant Ninja Turtles",\N,"2023-07-31"
"1606","Mission: Impossible",\N,"2024-06-28"
"1617","Erkan & Stefan",\N,"2005-05-19"
"1657","Zorro",\N,"2005-10-26"
"1664","Edgar Wallace",\N,"1972-03-09"
"1681","Godzilla Films",\N,"1962-08-11"
"1709","Planet of the Apes",\N,"2017-07-11"
"1733","The Mummy",\N,"2008-08-01"
"1952","USA - Land of Opportunities",\N,"2005-05-16"
"1960","Evil Dead",\N,"2023-03-15"
"1972","Ju-on",\N,"2003-05-16"
"1974","The Grudge",\N,"2009-05-12"
"2150","Shrek",\N,"2022-12-21"
"2248","Torrente",\N,"2005-09-30"
"2256","New Jersey Filme",\N,"2022-09-13"
"2326","Underworld",\N,"2016-11-24"
"2327","Taxi",\N,"2018-04-07"
"2344","The Matrix",\N,"2021-12-16"
"2366","Jaws",\N,"1987-07-17"
"2396","Asterix",\N,"2023-02-01"
"2404","Guyver",\N,"2005-01-01"
"2467","Tomb Raider",\N,"2018-09-14"
"2473","The Hitchhiker",\N,"1990-01-01"
"2488","Les Amours sous la Révolution",\N,"1978-02-08"
"2504","The Bourne Movies",\N,"2016-07-11"
"2602","Scream",\N,"2023-03-08"
"2643","Zuijia Paidang",\N,"1989-01-01"
"2704","Die Bibel",\N,"2002-12-10"
"2741","Au théâtre ce soir",\N,"1982-12-31"
"2794","The Chronicles of Riddick",\N,"2013-09-04"
"2806","American Pie",\N,"2020-10-06"
"2883","Kill Bill",\N,"2004-04-16"
"2955","Homunculus",\N,"1917-01-01"
"2980","Ghostbusters",\N,"2022-10-18"
"3106","дозор",\N,"2006-01-01"
"3130","The Naked Gun",\N,"1994-03-18"
"3167","Ace Ventura",\N,"2009-03-01"
"3169","Dr. Dolittle",\N,"2009-04-08"
"3292","Tulse Luper",\N,"2005-10-20"
"3487","Drums of Fu Manchu",\N,"1943-01-01"
"3601","I Know What You Did Last Summer",\N,"2006-08-15"
"3924","Blondie",\N,"1950-04-13"
"3963","Les Rivières pourpres",\N,"2022-09-12"
"4246","Scary Movie",\N,"2013-04-11"
"4438","Odyssey Movie Series",\N,"1984-12-07"
"4525","Kommissar X",\N,"1971-08-20"
"4545","G-Man Jerry Cotton",\N,"1969-03-26"
"4563","Park Chan-Wook's Revenge Trilogie",\N,"2005-07-29"
"5039","Rambo",\N,"2019-09-18"
"5173","Rush Hour",\N,"2007-08-09"
"5202","Wilde Orchidee",\N,"1992-05-16"
"5455","Red Shoes Diaries",\N,"2002-05-02"
"5547","RoboCop",\N,"1993-07-07"
"6124","Der Mann ohne Namen",\N,"1921-05-06"
"6503","Lilly Schönauer",\N,"2013-06-26"
"6595","Rotlicht",\N,"2003-01-01"
"7505","Fire, Earth, Water",\N,"2005-09-08"
"7970","Resident Evil",\N,"2023-06-22"
"8050","Highlander",\N,"2000-09-01"
"8091","Alien",\N,"2017-05-04"
"8354","Ice Age",\N,"2022-01-28"
"8384","Proletariat Trilogy",\N,"1990-01-12"
"8385","Finnland Trilogie",\N,"2006-02-03"
"8412","Anatomie",\N,"2003-02-06"
"8537","Superman",\N,"2025-07-11"
"8580","Karate Kid",\N,"1994-08-12"
"8582","Halloween",\N,"2022-10-06"
"8647","The Skulls",\N,"2004-03-23"
"8650","Transformers",\N,"2023-05-27"
"8773","L'amour à vingt ans",\N,"1962-06-22"
"8783","An American Tail",\N,"1999-12-09"
"8819","Casper",\N,"2006-10-20"
"8855","Otto",\N,"2014-09-25"
"8857","Monty Python",\N,"1983-01-01"
"8858","Rennschwein Rudi Rüssel",\N,"2010-07-03"
"8864","Final Destination",\N,"2009-08-26"
"8917","Hellraiser",\N,"2018-02-03"
"8918","The Hills Have Eyes",\N,"2007-03-16"
"8936","Bridget Jones",\N,"2004-11-08"
"8945","Mad Max",\N,"2015-05-14"
"8946","Didi",\N,"1988-02-04"
"8979","Wayne's World",\N,"1993-12-10"
"9014","ProSieben Funny Movie",\N,"2008-04-01"
"9046","A Chinese Ghost Story",\N,"1991-07-18"
"9055","Police Story",\N,"2013-12-24"
"9068","The Prophecy",\N,"2005-09-06"
"9309","Winnetou",\N,"1968-12-01"
"9328","Free Willy",\N,"1995-07-19"
"9329","Young Guns",\N,"1990-07-30"
"9332","Crocodile Dundee",\N,"2001-04-12"
"9338","Police Academy",\N,"1994-06-10"
"9376","The NeverEnding Story",\N,"1994-10-27"
"9380","American Werewolf",\N,"1997-10-31"
"9435","Schweinchen Babe",\N,"1998-11-25"
"9436","The Crow",\N,"2005-05-13"
"9485","The Fast and the Furious",\N,"2023-05-17"
"9500","Werner",\N,"2011-06-23"
"9518","The Transporter",\N,"2015-09-02"
"9521","Look Who's Talking",\N,"1993-11-05"
"9578","Die wilden Hühner",\N,"2006-02-09"
"9649","El Mariachi",\N,"2003-08-27"
"9734","The Lion King",\N,"2019-07-09"
"9735","Friday the 13th",\N,"2009-02-13"
"9743","Hannibal Lecter",\N,"2021-06-24"
"9744","Fantastic Four",\N,"2015-08-05"
"9818","Mortal Kombat",\N,"2023-10-06"
"9887","Species",\N,"2007-10-02"
"9888","Home Alone",\N,"2021-11-12"
"10143","Iron Man",\N,"2013-04-18"
"10182","A Nightmare on Elm Street",\N,"2010-05-20"
"10194","Toy Story",\N,"2019-06-14"
"10262","Goal",\N,"2009-01-01"
"10352","Urban Legend",\N,"2005-07-19"
"10441","Spacecenter Babylon 5",\N,"1999-01-03"
"10453","Poltergeist",\N,"1988-06-10"
"10454","Dracula",\N,"2005-07-12"
"10455","Chucky",\N,"2022-11-23"
"10456","Dirty Harry",\N,"1988-07-13"
"10457","黃飛鴻",\N,"1997-02-22"
"10460","Die Drei ???",\N,"2009-03-19"
"10465","Behind Enemy Lines",\N,"2009-01-06"
"10517","Le Gendarme de St. Tropez",\N,"1982-10-06"
"10522","Starship Troopers",\N,"2017-08-21"
"10554","Eis am Stiel",\N,"1988-08-18"
"10709","The Mighty Ducks",\N,"1996-10-04"
"10713","Universal Soldier",\N,"2009-01-01"
"10721","Mimic",\N,"2003-04-14"
"10789","Pet Sementary",\N,"1992-08-28"
"10815","Urmel",\N,"2008-05-01"
"10892","Tremors",\N,"2020-10-07"
"10893","Critters",\N,"1992-08-20"
"10901","Pokémon",\N,"2018-07-13"
"10919","The Omen",\N,"2006-06-06"
"10924","From Dusk Till Dawn",\N,"2016-11-01"
"10928","National Lampoon's",\N,"2011-08-05"
"10964","Plattfuß",\N,"1980-06-19"
"11118","Olsen-banden",\N,"1998-12-18"
"11136","The Muppets",\N,"1999-07-14"
"11138","Beethoven",\N,"2014-10-14"
"11140","Dr. Mabuse",\N,"1972-01-01"
"11173","Die wilden Kerle",\N,"2016-02-11"
"11294","Pusher",\N,"2005-09-02"
"11341","Die Lümmel von der ersten Bank",\N,"1972-01-01"
"11582","Don Camillo",\N,"1984-05-04"
"11685","Night of the Living Dead",\N,"2009-12-01"
"11716","Addams Family",\N,"1998-09-22"
"11794","Ginger Snaps",\N,"2004-07-10"
"11875","Pippi Langstrumpf",\N,"1970-11-14"
"11924","Michel aus Lönneberga",\N,"1973-10-06"
"12075","Elling",\N,"2005-09-23"
"12077","St. Trinian's",\N,"2007-12-10"
"12087","Herbie",\N,"2005-06-19"
"12141","3 Men",\N,"1990-11-21"
"12203","Jui kuen",\N,"1994-02-03"
"12263","The Exorcist",\N,"2023-10-12"
"12267","Immenhof",\N,"1974-09-13"
"12687","Psycho",\N,"2017-04-24"
"12961","Games Odyssey",\N,"2002-12-05"
"13135","Drogues et cerveau",\N,"2005-10-14"
"13295","xXx",\N,"2005-04-27"
"13326","The Emperor's New Groove",\N,"2005-11-29"
"13346","The Net",\N,"2006-02-07"
"13365","Wild Things",\N,"2010-06-01"
"13382","The Butterfly Effect",\N,"2009-01-09"
"13386","Jackass",\N,"2022-05-20"
"13485","Skin Territory",\N,"2014-01-01"
"13493","National Treasure",\N,"2023-02-08"
"13495","The Arrival",\N,"1998-11-06"
"13498","L' Auberge Espagnole",\N,"2013-08-23"
"13522","Final Fantasy",\N,"2005-09-14"
"14073","Analyze This",\N,"2002-12-06"
"14075","Hostel",\N,"2011-12-22"
"14081","The Thin Man",\N,"1944-11-21"
"14118","Basic Instinct",\N,"2006-03-21"
"14123","Dune",\N,"2023-11-03"
"14126","攻殻機動隊",\N,"2004-03-06"
"14139","Discworld",\N,"2008-03-23"
"14149","[Rec]",\N,"2009-09-02"
"14408","Hellboy",\N,"2019-04-09"
"14450","Stargate Franchise",\N,"2011-05-09"
"14462","Offenbarung: Gottes \"roadmap\" zum ewigen Frieden",\N,"2004-02-20"
"14463","Gesundheit: kein Zufall!",\N,"2005-05-04"
"14465","Zeitgeschehen",\N,"2005-05-05"
"14466","Bludenz 2007",\N,"2007-06-09"
"14480","The X Files",\N,"2018-03-21"
"14514","Beowulf",\N,"2007-11-14"
"14521","OTE",\N,"2011-06-01"
"14536","The Whole Yards",\N,"2004-04-07"
"14538","Zärtliche Chaoten",\N,"1988-06-30"
"14549","The Dentist",\N,"1998-01-01"
"14570","Dirty Dancing",\N,"2004-02-27"
"14571","Meet the Parents",\N,"2010-08-05"
"14579","Hot Shots!",\N,"1993-05-21"
"14581","ヱヴァンゲリヲン新劇場版",\N,"2021-01-23"
"14583","The Art of War",\N,"2008-08-12"
"14587","Playboy: Voluptuous Vixens",\N,"1998-07-21"
"14717","Cocaine Cowboys",\N,"2008-01-01"
"14727","AVP: Alien vs. Predator",\N,"2007-12-25"
"14744","Vampire Hunter D",\N,"2000-08-25"
"14791","I Kina spiser de hunde",\N,"2002-07-12"
"14798","No Retreat, No Surrender",\N,"1990-03-17"
"14812","Cheaper by the Dozen",\N,"2005-12-21"
"14841","Open Season",\N,"2015-12-18"
"15063","The Twilight Saga",\N,"2012-11-14"
"15580","Crank",\N,"2009-04-16"
"15586","Kung Fu Panda",\N,"2019-07-04"
"15591","Harold & Kumar",\N,"2011-11-04"
"15593","Ong-Bak",\N,"2010-05-05"
"15633","Garfield",\N,"2006-06-15"
"15659","High School Musical",\N,"2022-09-14"
"15660","Vi på Saltkråkan",\N,"1967-12-02"
"15703","South Park Filmreihe",\N,"2008-03-11"
"15742","Quatermass",\N,"1967-11-09"
"15757","英雄本色",\N,"1989-10-20"
"15816","Heimat",\N,"2004-12-29"
"15824","Reformation",\N,"2009-02-12"
"15857","Che",\N,"2008-05-22"
"15971","Apur Sansar",\N,"1959-05-01"
"15980","Re-Animator",\N,"2003-04-04"
"16047","Rupan sansei",\N,"2019-12-06"
"16054","Speed",\N,"1997-06-13"
"16055","Cannonball Run",\N,"1989-04-21"
"16063","Bleach",\N,"2010-12-04"
"16091","Naruto",\N,"2014-12-06"
"16118","One Piece",\N,"2023-08-31"
"16171","Tetsuo",\N,"1992-10-03"
"16211","Open Water",\N,"2017-02-25"
"16341","Cabin Fever",\N,"2016-02-12"
"16451","Dungeons & Dragons",\N,"2023-03-10"
"17400","Brenner-Tetralogie",\N,"2015-03-05"
"17590","The Hobbit",\N,"2014-12-01"
"19116","Miss Congeniality",\N,"2005-03-11"
"19899","Twitches",\N,"2007-10-12"
"20018","The Karnstein Trilogy",\N,"1971-10-03"
"20019","Der WiXXer",\N,"2007-03-22"
"20148","Fantômas-Trilogie",\N,"1967-06-20"
"20201","Fallen",\N,"2007-08-05"
"20318","Cruel Intentions",\N,"2004-05-25"
"20322","Dekalog",\N,"1988-12-31"
"20461","Alvin and the Chipmunks",\N,"2015-12-06"
"20870","The Avengers",\N,"2018-05-04"
"21189","Fantomas",\N,"1980-10-11"
"21384","American Graffiti",\N,"1979-08-03"
"21472","Breathless - Dominance of the Moment",\N,\N
"21502","Cats & Dogs",\N,"2020-11-12"
"21547","20th Century Boys",\N,"2009-08-29"
"21672","Hexe Lilli",\N,"2017-11-09"
"22094","Madagascar",\N,"2012-05-18"
"22763","Millenium Trilogie",\N,"2009-11-27"
"23033","8 MM",\N,"2005-11-22"
"23065","Wir werden alle überwacht!",\N,"2006-01-03"
"23103","Maniac Cop",\N,"1993-02-01"
"23229","The Glass House",\N,"2006-10-03"
"23234","Carry On",\N,"1992-10-02"
"24770","Cars",\N,"2017-06-10"
"25649","The Santa Clause",\N,"2006-11-02"
"26193","Trilogia del dollaro",\N,"1966-12-23"
"26250","Tempelriddernes Skat",\N,"2008-03-14"
"26274","Bring It On",\N,"2009-09-01"
"26283","Return of the Living Dead",\N,"2005-10-15"
"26460","Crazy Race",\N,"2006-10-22"
"26467","Halifax f.p.",\N,"1998-09-06"
"26700","Gonger",\N,"2010-01-25"
"27090","Six contes moraux",\N,"1972-09-29"
"27598","Freche Mädchen",\N,"2008-07-17"
"27765","Smokin' Aces",\N,"2010-01-19"
"28322","L'ennemi public n°1",\N,"2008-10-22"
"28605","The Fly",\N,"1989-02-10"
"29121","BarberShop",\N,"2004-01-20"
"29371","Yusuf Trilogie",\N,"2010-02-11"
"29643","Sherlock Holmes",\N,"2011-12-22"
"29905","100 Jahre Deutschland",\N,\N
"30296","The Boondock Saints",\N,"2009-10-30"
"30872","Tron",\N,"2024-04-06"
"31378","Agent Aika",\N,"2009-01-01"
"32360","Kreation versus Evolution",\N,"2010-01-07"
"32641","Kottan ermittelt",\N,"2010-12-03"
"32957","Monsters, Inc.",\N,"2023-02-04"
"33096","デスノート",\N,"2017-08-24"
"33220","Riget",\N,"1997-09-05"
"33258","The Sandlot",\N,"2007-04-21"
"33538","Kick-Ass",\N,"2013-08-14"
"33579","Johnny English",\N,"2018-09-20"
"33762","Yip Man",\N,"2019-12-19"
"34296","Contes des quatres Saisons",\N,"1998-09-07"
"35020","Kurtlar vadisi",\N,"2010-11-05"
"35913","リング",\N,"2000-01-22"
"35914","The Ring",\N,"2017-02-01"
"36332","The Gate",\N,"1990-01-01"
"36457","Bumfights",\N,\N
"36760","In 3 Tagen bist du tot",\N,"2008-08-10"
"37250","Der Doc und die Hexe",\N,"2012-09-20"
"37411","Keinohrhasen",\N,"2011-01-01"
"37546","Kreation - Evolution",\N,"2004-02-13"
"38184","Missing in Action",\N,"1988-01-22"
"39077","Merah Putih",\N,"2010-09-08"
"40562","Blender",\N,"2012-09-26"
"41398","The Hunchback of Notre Dame",\N,"2002-02-13"
"41429","Green Street Hooligans",\N,"2013-10-21"
"42203","Kreutzer kommt",\N,"2012-10-20"
"42839","Rockt das Brot",\N,"2006-06-24"
"45044","Klovn",\N,"2022-09-04"
"46799","Teen Wolf",\N,"1987-11-20"
"46885","Atlas Shrugged",\N,"2014-09-12"
"49176","Niko",\N,"2012-09-29"
"50893","French Connection",\N,"1975-05-18"
"51231","K-9",\N,"2002-07-30"
"52776","Police State",\N,"2010-01-01"
"53031","Conan",\N,"1984-06-29"
"53087","The Descent",\N,"2009-08-24"
"53238","Wanted",\N,"2008-06-27"
"53820","New Kids",\N,"2011-12-08"
"53930","Keine Zeit für Rebellion",\N,"2011-02-18"
"55467","Olympia",\N,"1938-04-25"
"56301","Иван Грозный",\N,"1946-01-01"
"56789","Tokugawa",\N,"1969-05-02"
"57042","The Princess Diaries",\N,"2004-08-07"
"57448","ギニーピッグ",\N,"1991-01-01"
"57734","Über den Inseln Afrikas",\N,"2011-07-12"
"57822","Nativity",\N,"2012-11-23"
"58088","La Cage Aux Folles",\N,"1980-12-10"
"58300","Mondo Cannibale",\N,"1983-06-03"
"58355","The Cremaster Cycle",\N,\N
"58443","Dog Star Man",\N,"1964-01-01"
"58612","Hitori kakurenbo",\N,"2009-05-23"
"59435","Men In Black",\N,"2019-06-11"
"59488","Fantômas",\N,"1914-05-01"
"59537","Westworld",\N,"1976-08-13"
"59543","Arsène Lupin contra Sherlock Holmes",\N,"1911-03-04"
"60091","Soukromé století",\N,\N
"61677","Frankenstein",\N,"1948-06-15"
"62136","Despicable Me",\N,"2017-06-14"
"63212","Carrie",\N,"1999-03-12"
"63257","Save the Last Dance",\N,"2006-01-01"
"63421","Grease",\N,"1982-06-11"
"63731","Van Helsing",\N,"2004-05-11"
"64795","Paranormal Activity",\N,"2021-10-29"
"64808","Candyman",\N,"2021-08-22"
"66952","La Boum",\N,"1982-01-01"
"69050","Człowiek z marmuru",\N,"1981-07-27"
"71766","Zukunft Erde",\N,"2011-11-10"
"71894","人間の條件",\N,"1961-01-28"
"72880","Sturm aus dem Norden",\N,"2012-11-16"
"75172","Dreileben",\N,"2011-08-29"
"75945","National Lampoon's Vacation",\N,"2015-07-29"
"75946","The Smurfs",\N,"2017-03-30"
"76699","The Hunger Games",\N,"2023-11-15"
"77672","Allein unter ...",\N,"2014-12-01"
"79488","The Cousins' War",\N,"2020-11-29"
"81223","Fünf Freunde",\N,"2018-03-15"
"81495","MacGyver",\N,"2021-04-30"
"81500","Inga Lindström",\N,"2023-09-20"
"81501","Rosamunde Pilcher",\N,"2023-09-24"
"81504","Der Staatsanwalt hat das Wort",\N,"1991-06-16"
"81505","Marie Brand",\N,"2023-04-08"
"81506","Lauras Stern",\N,"2021-12-09"
"81578","Diary of a Wimpy Kid",\N,"2017-05-17"
"81758","Wrong Turn",\N,"2021-01-26"
"81773","The Rockford Files",\N,"1999-04-20"
"81820","How to Train Your Dragon",\N,"2019-01-03"
"81840","Per Fly Trilogie",\N,"2005-08-26"
"82310","Hercules: The Legendary Journeys",\N,"1999-11-22"
"82479","Dorfpolizist Krause",\N,"2022-12-16"
"82749","In einem Land vor unserer Zeit",\N,"2016-02-02"
"82836","Sechs auf einen Streich",\N,"2022-12-26"
"83537","Lotta & ...",\N,"2019-04-25"
"84053","Neben der Spur",\N,"2022-01-31"
"84144","Der Metzger...",\N,"2015-02-12"
"84424","The Brotherhood",\N,"2005-03-01"
"84834","Polt",\N,"2018-02-02"
"84836","Sams",\N,"2012-03-29"
"85680","G.I. Joe",\N,"2021-07-21"
"86181","The Librarian",\N,"2018-02-07"
"86746","Annika Bengtzon",\N,"2012-06-26"
"86820","Taken",\N,"2018-06-30"
"86903","Beverly Hills Chihuahua",\N,"2012-09-03"
"87099","Taunuskrimi",\N,"2022-02-16"
"87442","Leprechaun",\N,"2014-08-26"
"87625","Ernest",\N,"1998-01-01"
"87640","Insidious",\N,"2023-06-27"
"87729","Ein Sommer in ...",\N,"2023-04-30"
"88278","Firefly",\N,"2005-09-05"
"88311","Liebe am Fjord",\N,"2016-10-19"
"88754","Utta Danella",\N,"2015-11-20"
"88757","Katie Fforde",\N,"2021-01-10"
"88774","Clash of the Titans",\N,"2012-03-28"
"88825","The Hangover",\N,"2013-05-22"
"88970","Sharknado",\N,"2018-08-19"
"89241","Shanghai Noon",\N,"2003-01-30"
"89242","Ghost Rider",\N,"2012-02-17"
"89463","American Ninja",\N,"1990-08-31"
"89638","Nature Unleashed",\N,"2005-04-12"
"89665","Percy Jackson",\N,"2013-08-07"
"89803","Barbie",\N,"2022-09-01"
"89804","Dhoom",\N,"2013-12-19"
"89976","Spawn",\N,"2003-11-21"
"89988","Spider-Man",\N,"2024-03-29"
"90257","RED",\N,"2013-07-18"
"90420","Kokowääh",\N,"2013-02-07"
"90459","Die Nibelungen",\N,"1924-04-26"
"90473","The Disappearance of Eleanor Rigby",\N,"2014-05-17"
"90738","Balto",\N,"2004-09-30"
"90977","Charlie's Angels",\N,"2019-11-11"
"91005","Bad Boys",\N,"2020-01-17"
"91079","Den som dræber",\N,"2011-05-08"
"91188","Robert Langdon",\N,"2016-10-08"
"91348","Death Race",\N,"2018-10-02"
"91466","Trilogie marseillaise",\N,"1936-11-11"
"91472","Märchenperlen",\N,"2021-12-24"
"91541","Gremlins",\N,"1990-06-15"
"91551","The Cell",\N,"2009-02-27"
"91576","Joachim Vernau",\N,"2023-02-13"
"91639","The Good Witch",\N,"2011-08-05"
"91768","Flicka",\N,"2012-04-01"
"91874","Das Beste kommt erst",\N,"2015-12-22"
"91923","Before Sunrise",\N,"2013-01-20"
"92122","The Thing",\N,"2011-10-13"
"92229","Johnny Worricker",\N,"2014-03-27"
"92318","Natalie - Babystrich",\N,"2003-01-28"
"92504","Frühling",\N,"2023-02-12"
"92571","Bauernprinzessin",\N,"2009-02-18"
"92719","Die Hebamme",\N,"2016-02-16"
"92779","Paradies-Trilogie",\N,"2013-02-13"
"93056","Snabba Cash",\N,"2013-08-30"
"93103","The Divergent Series",\N,"2016-03-09"
"93152","Fast-Perfekt-Trilogie",\N,"1999-02-19"
"93241","Kiriku",\N,"2012-09-28"
"93346","Bibi & Tina",\N,"2022-07-21"
"93349","Hulk",\N,"2010-02-02"
"93351","Rio",\N,"2014-03-20"
"93534","Red Riding",\N,"2009-02-28"
"93624","Jack Ryan",\N,"2023-07-14"
"93663","Grown Ups",\N,"2013-07-11"
"93667","Mitten in Deutschland: NSU",\N,"2016-04-06"
"93788","Paul Blart: Mall Cop",\N,"2015-04-09"
"93956","Dead Snow",\N,"2014-01-19"
"94084","Kluftingerkrimi",\N,"2016-06-26"
"94253","BloodRayne",\N,"2011-09-06"
"94391","Night at the Museum",\N,"2022-12-09"
"94471","The Punisher",\N,"2012-01-01"
"94544","John Carpenter's Vampires",\N,"2005-01-02"
"94592","Die Heilerin",\N,"2008-12-17"
"94666","30 Days of Night",\N,"2010-09-01"
"94719","Journey",\N,"2012-01-19"
"94773","The Dog Who Saved...",\N,"2015-06-09"
"94774","The Scorpion King",\N,"2018-10-23"
"94798","Von Kreta nach Malta",\N,"2015-11-06"
"94922","Vorstadtkrokodile",\N,"2011-01-20"
"94924","Ironclad",\N,"2014-03-14"
"94925","Elizabeth",\N,"2007-09-09"
"94963","Machete",\N,"2013-09-26"
"95116","Brüder",\N,"2006-05-10"
"95364","Quarantine",\N,"2011-01-27"
"95516","Wohin und zurück",\N,"1986-03-09"
"95577","Alex Cross",\N,"2012-10-15"
"95626","The Mask",\N,"2005-02-18"
"95820","Fanny",\N,"2016-06-03"
"96003","Rico und Oskar",\N,"2016-04-28"
"96118","The Purge",\N,"2021-07-02"
"96121","Edelstein-Trilogie",\N,"2016-07-07"
"96141","Dora Heldt",\N,"2016-05-05"
"96238","The Bill Douglas Trilogy",\N,"1976-01-01"
"96311","Reihenhaus",\N,"2016-05-26"
"96417","Die Vampirschwestern",\N,"2016-12-08"
"96547","Lilo & Stitch",\N,"2006-06-23"
"96972","Fred Vargas",\N,"2009-03-18"
"97104","Cloudy with a Chance of Meatballs",\N,"2013-09-26"
"97110","Thor",\N,"2017-10-10"
"97283","Batman: The Dark Knight Returns",\N,"2013-01-29"
"97416","The Marine",\N,"2017-04-24"
"97931","Nymphomaniac",\N,"2013-12-25"
"97935","Paradise Lost",\N,"2011-09-11"
"97972","Sinister",\N,"2015-08-19"
"98016","Wolf Creek",\N,"2013-08-30"
"98040","Undisputed",\N,"2016-09-22"
"98336","Eberhoferkrimi",\N,"2023-07-31"
"98417","Usedom-Krimi",\N,"2022-10-27"
"98523","Under Siege",\N,"1995-07-14"
"98616","Almighty",\N,"2007-06-10"
"98790","Saints And Soldiers",\N,"2014-08-15"
"98932","Gourmet Detective",\N,"2015-08-02"
"98935","Trancers",\N,"1991-05-01"
"99158","Death Wish",\N,"1994-01-14"
"99195","As Mil e Uma Noites",\N,"2015-05-20"
"99251","Alles was recht ist",\N,"2011-01-20"
"99300","Mr. Bean",\N,"2007-03-22"
"99359","Daddy Day Care",\N,"2007-08-08"
"99426","Into the Blue",\N,"2009-04-21"
"99544","Familie Sandgruber",\N,"2009-01-17"
"99545","Fright Night",\N,"2013-10-01"
"99672","Mirrors",\N,"2010-01-01"
"99802","Dragonball Z - The Movies",\N,"2015-03-30"
"99807","The Design of Life",\N,"2013-01-01"
"99849","Maze Runner",\N,"2018-01-11"
"99941","Pane, amore e...",\N,"1955-12-22"
"99987","The Expendables",\N,"2023-09-15"
"100037","300",\N,"2014-03-05"
"100070","Veronica Mars",\N,"2019-07-19"
"100125","Meatballs",\N,"1992-03-06"
"100385","Die Alpenklinik",\N,"2011-09-08"
"100617","Der Hafenpastor",\N,"2016-10-14"
"101116","Kommissar Hattinger",\N,"2016-10-17"
"101157","Antboy",\N,"2016-02-11"
"101369","Air Buddies",\N,"2013-08-08"
"101446","The Gamers",\N,"2013-01-01"
"101516","Arthur et les Minimoys",\N,"2010-10-13"
"101604","On Wings of Eagles",\N,"1986-05-19"
"101814","Almuth und Rita",\N,"2016-11-25"
"101924","Niederbayernkrimi",\N,"2013-10-19"
"102003","Legally Blonde",\N,"2009-04-14"
"102091","Minority Report",\N,"2015-11-30"
"102109","Captain America",\N,"2014-03-13"
"102218","Jump Street",\N,"2014-06-05"
"102366","Wanderhure",\N,"2012-11-13"
"102374","Snezhnaya koroleva",\N,"2018-12-21"
"102680","Heroes",\N,"2016-01-21"
"102691","Manuale d'amore",\N,"2011-02-25"
"102704","Pettson och Findus",\N,"2018-09-13"
"102822","Landkrimi",\N,"2023-09-19"
"102838","Mrs. Miracle",\N,"2010-11-27"
"102918","Willy Wuff",\N,"1997-12-21"
"102924","Santa Paws",\N,"2012-11-20"
"102934","Dengler",\N,"2021-11-22"
"102981","Winnetou - Der Mythos lebt",\N,"2016-12-29"
"103042","Z pekla štěstí",\N,"2001-02-01"
"103148","Onneli ja Anneli",\N,"2015-10-09"
"103172","Horrible Bosses",\N,"2014-11-12"
"103362","Ein Schnitzel für drei",\N,"2022-12-07"
"103377","The Cutting Edge",\N,"2010-03-14"
"103499","Les Bronzés",\N,"2006-02-01"
"103500","Limitless",\N,"2016-04-26"
"104293","John Wick",\N,"2023-03-22"
"104360","Spy Kids",\N,"2011-08-18"
"104588","House Party",\N,"1991-10-23"
"104645","Timecop",\N,"2003-09-30"
"104676","Amityville",\N,"2018-10-09"
"104714","Weltethos: Die globale Transformation",\N,"2011-05-29"
"104743","Zwei Väter einer Tochter",\N,"2005-01-06"
"104768","Dragonheart",\N,"2020-02-04"
"104776","Mythica",\N,"2015-12-11"
"104842","Die Fremde und das Dorf",\N,"2017-03-22"
"104846","Hamilton",\N,"2022-04-18"
"104971","Lammbock",\N,"2017-03-23"
"105270","Guardians of the Galaxy",\N,"2021-10-26"
"105365","Eltern allein zu Haus",\N,"2017-04-07"
"105407","Bad Ass",\N,"2014-02-17"
"105622","The Bridge",\N,"2016-03-20"
"106139","Smetto quando voglio",\N,"2017-11-27"
"106316","Best Exotic Marigold Hotel",\N,"2015-02-26"
"106472","Allmen",\N,"2021-03-27"
"106481","Happy Feet",\N,"2011-12-01"
"106483","Fack ju Göhte",\N,"2017-10-26"
"106513","Drei teuflisch starke Frauen",\N,"2007-11-02"
"106570","Deathstalker",\N,"1990-05-05"
"106747","Lake Placid",\N,"2012-09-29"
"107308","Step Up",\N,"2014-07-09"
"107399","Screamers",\N,"2009-02-17"
"107420","Honey",\N,"2016-09-06"
"107712","Hart to Hart",\N,"1996-08-25"
"107867","Flodder",\N,"1995-06-29"
"107870","I Spit on Your Grave",\N,"2015-10-02"
"107910","Emilie Richards",\N,"2012-05-06"
"108217","Pitch Perfect",\N,"2017-12-20"
"108229","Jarhead",\N,"2019-10-01"
"108446","The Bad News Bears",\N,"1978-06-30"
"108447","Mostly Ghostly",\N,"2016-09-06"
"108583","The Distraction Dilemma",\N,"2016-01-10"
"108633","500 Jahre Reformation",\N,"2017-05-07"
"108676","Molly Hartley",\N,"2015-10-09"
"108703","Ostwind",\N,"2021-07-29"
"108767","Major League",\N,"1998-05-19"
"108768","The Woman in Black",\N,"2014-12-30"
"109027","Now You See Me",\N,"2016-06-09"
"109137","Mannequin",\N,"1991-04-27"
"109258","Tödliche Geheimnisse",\N,"2020-02-22"
"109544","Road Trip",\N,"2009-08-11"
"109559","The Swan Princess",\N,"2017-03-26"
"109709","Schulz & Schulz",\N,"1993-11-22"
"109754","Never Back Down",\N,"2016-06-07"
"109755","Ted",\N,"2015-06-25"
"109756","Zoolander",\N,"2016-02-04"
"109780","Van Leeuwen",\N,"2017-10-27"
"110235","Street Kings",\N,"2011-04-19"
"110249","Hitman",\N,"2015-08-19"
"110352","The Haunting in Connecticut",\N,"2013-01-01"
"110378","The Last Exorcism",\N,"2013-02-28"
"110379","Descendants",\N,"2019-08-02"
"110457","Liebling, bring die Hühner ins Bett",\N,"2017-11-10"
"110496","Street Fighter",\N,"2023-06-01"
"110692","Halloweentown",\N,"2006-10-20"
"110824","Northpole",\N,"2015-11-21"
"110837","Harter Brocken",\N,"2022-11-05"
"110969","Hotel Mama",\N,"1999-11-15"
"111060","Silent Hill",\N,"2012-10-25"
"111192","Nanny McPhee",\N,"2010-03-24"
"111212","OSS 117",\N,"2021-07-17"
"111284","Rampage",\N,"2016-08-26"
"111395","Santa Baby",\N,"2009-12-13"
"111451","Texas Chainsaw Massacre",\N,"2022-02-18"
"111454","Kickboxer",\N,"2018-01-26"
"111576","Magic Mike",\N,"2023-02-09"
"111659","Meitantei Conan",\N,"2023-04-14"
"111780","Murder, She Wrote",\N,"2003-05-09"
"111974","Daddy's Home",\N,"2017-11-05"
"112008","Im Tal des Schweigens",\N,"2008-01-05"
"112035","Van Veeteren",\N,"2006-07-12"
"112206","The Hollow Crown",\N,"2016-05-21"
"112224","Mike Hammer",\N,"1989-05-21"
"112244","Anaconda",\N,"2009-02-28"
"112246","Finding Nemo",\N,"2016-06-08"
"112288","Cloverfield",\N,"2018-02-04"
"112347","Unter Feinden",\N,"2017-10-07"
"112350","True Justice",\N,"2011-09-14"
"112427","Murder, She Baked",\N,"2017-03-26"
"112431","Bad Santa",\N,"2016-11-23"
"112436","Chaos-Queens",\N,"2018-02-25"
"112496","St. Josef am Berg",\N,"2018-02-17"
"112727","Fifty Shades of Grey",\N,"2018-02-06"
"112729","Osvobozhdenie",\N,"1971-03-27"
"112738","Ondes de choc",\N,"2018-01-27"
"112760","Blade Runner",\N,"2017-10-04"
"112794","Olympus Has Fallen",\N,"2019-08-20"
"112818","The Dirty Dozen",\N,"1988-02-14"
"112876","Die Toten von Salzburg",\N,"2023-01-06"
"112903","StreetDance",\N,"2018-09-13"
"112919","Die Jagd nach ...",\N,"2012-09-16"
"112926","Krüger",\N,"2020-01-18"
"113064","Avatar",\N,"2026-12-17"
"113114","Ride Along",\N,"2016-01-06"
"113168","Ku'damm",\N,"2021-03-24"
"113171","Les Visiteurs",\N,"2016-04-06"
"113185","Der Bockerer",\N,"2003-10-31"
"113206","Marvel Cinematic Universe",\N,"2023-11-10"
"113340","In the Name of the King",\N,"2014-02-05"
"113358","Luginsland",\N,"2009-03-16"
"113423","See No Evil",\N,"2014-10-21"
"113424","Independence Day",\N,"2016-06-20"
"113426","Lost Boys",\N,"2010-10-12"
"113429","12 Rounds",\N,"2015-09-11"
"113459","The Condemned",\N,"2015-11-06"
"113489","Alice in Wonderland",\N,"2016-05-25"
"113527","Tonio & Julia",\N,"2020-10-18"
"113559","Die 5 grossen Reformatoren",\N,"2017-08-10"
"113638","Hotel Transylvania",\N,"2022-01-14"
"113662","Ein Fall von Liebe",\N,"2014-10-23"
"113675","Jack Reacher",\N,"2016-10-19"
"113683","The Huntsman",\N,"2016-04-04"
"113747","08/15",\N,"1955-12-30"
"113808","Peanuts",\N,"2015-10-31"
"113900","Gundula Bundschuh",\N,"2023-10-02"
"114030","My Big Fat Greek Wedding",\N,"2023-09-06"
"114038","Elektra Luxx",\N,"2010-03-14"
"114058","The Prince & Me",\N,"2010-02-15"
"114080","Sister Act",\N,"1993-12-10"
"114300","Die Musterknaben",\N,"2003-09-29"
"114325","Kim Possible",\N,"2019-02-15"
"114344","Fritt vilt",\N,"2010-01-01"
"114396","Spooks",\N,"2015-05-08"
"114505","Phantasm",\N,"1988-07-08"
"114628","The Collector",\N,"2012-09-21"
"114767","Bad Neighbors",\N,"2016-05-04"
"114772","The Incredibles",\N,"2018-06-05"
"114899","Sicario",\N,"2018-06-27"
"114969","Mamma Mia!",\N,"2018-07-16"
"114973","Boogeyman",\N,"2008-10-18"
"114983","Porky's",\N,"1985-03-22"
"115091","Black Dynamite",\N,"2012-09-23"
"115093","Blair Witch",\N,"2016-09-11"
"115099","Pacific Rim",\N,"2018-03-22"
"115137","McBride",\N,"2005-06-12"
"115279","Ooru naito rongu",\N,"2009-01-01"
"115451","Warlock",\N,"1999-05-28"
"115457","Zwei am großen See",\N,"2006-04-28"
"115463","Sniper",\N,"2022-08-02"
"115630","Lotte Jäger",\N,"2018-09-03"
"115842","The Equalizer",\N,"2023-08-30"
"115986","Wendy",\N,"2018-02-22"
"116071","Persona 3 The Movie",\N,"2016-01-23"
"116104","Jan Fabel",\N,"2018-05-21"
"116205","Happy Tree Friends",\N,"2002-02-18"
"116377","Bill & Ted",\N,"2020-08-28"
"116400","The Mechanic",\N,"2016-08-22"
"116560","Walking Tall",\N,"2007-09-25"
"116674","Fantozzi",\N,"1993-12-22"
"116880","In aller Freundschaft",\N,"2023-09-19"
"116938","Big Momma's House",\N,"2011-02-17"
"116966","Alpenglühen",\N,"2005-01-27"
"117002","Ludwig Thoma",\N,"1969-12-17"
"117208","God's Not Dead",\N,"2021-11-11"
"117213","Hentai Kamen",\N,"2016-05-14"
"117225","Engel: Gute Geister zwischen Himmel und Erde",\N,"2013-02-03"
"117632","Dudu",\N,"1979-06-01"
"117790","48 Hrs.",\N,"1990-06-08"
"117924","The Conjuring",\N,"2023-09-07"
"118133","Ouija",\N,"2016-10-20"
"118236","Laim",\N,"2023-09-18"
"118303","Stake Land",\N,"2016-10-14"
"118412","Bella",\N,"2014-09-20"
"118476","Ostfriesenkrimi",\N,"2023-05-27"
"118481","Hammer Films' Frankenstein",\N,"1974-05-02"
"118488","Slap Shot",\N,"2008-11-10"
"118536","DC Super Hero Girls",\N,"2017-05-09"
"118555","Toni, männlich, Hebamme",\N,"2023-03-24"
"118649","Fantastic Beasts",\N,"2022-04-07"
"118668","Schulmädchen-Report",\N,"1980-08-14"
"118699","DC Extended Universe",\N,"2023-12-25"
"118700","Unser Körper",\N,"2018-08-05"
"118924","In Wahrheit",\N,"2023-01-27"
"118926","The Last Reformation",\N,"2018-03-31"
"119218","Qu'est-ce qu'on a fait au Bon Dieu?",\N,"2021-12-21"
"119245","Ella Schön",\N,"2022-05-08"
"119342","Unfriended",\N,"2018-03-09"
"119365","Fluss des Lebens",\N,"2019-09-22"
"119417","Skyline",\N,"2020-10-25"
"119451","Jägarna",\N,"2018-12-12"
"119478","Scooby-Doo",\N,"2023-02-09"
"119571","Art of the Devil",\N,"2005-12-01"
"119629","Ein Ferienhaus ...",\N,"2019-06-22"
"119701","Sarah Kohr",\N,"2022-12-27"
"119838","Das Finale",\N,"2019-02-07"
"119872","Was kann ich glauben? - Von Konfessionen und Religionen",\N,"2018-12-27"
"119932","The Wedding March",\N,"2018-02-17"
"119985","Surf's Up",\N,"2017-01-17"
"120227","The Secret Life of Pets",\N,"2019-05-24"
"120246","Delta Force",\N,"1990-08-24"
"120249","Happy Death Day",\N,"2019-02-13"
"120252","Au Pair",\N,"2009-03-15"
"120767","Cheech & Chong",\N,"2013-03-18"
"120859","Pup Star",\N,"2018-05-05"
"120881","Abbott and Costello",\N,"1956-12-22"
"120991","Stalked by My Doctor",\N,"2019-07-13"
"121093","Piranha",\N,"2012-05-11"
"121281","Tadeo Jones",\N,"2022-08-24"
"121285","Kingsman",\N,"2021-12-22"
"121287","Swamp Thing",\N,"2019-08-02"
"121357","Die Kirche bleibt im Dorf",\N,"2018-01-01"
"121381","Väter allein zu Haus",\N,"2021-02-26"
"121403","Stir of Echoes",\N,"2007-08-11"
"122599","The Toxic Avenger",\N,"2000-01-01"
"122601","An Inconvenient Truth",\N,"2017-01-19"
"123111","Die Nacht der Nächte",\N,"1997-08-26"
"123398","Dejimon Adobencha Tri",\N,"2016-09-24"
"124189","SOKO",\N,"2023-10-13"
"124760","Cecelia Ahern",\N,"2019-10-06"
"125395","Ritter Rost",\N,"2017-01-19"
"125401","A Haunted House",\N,"2014-04-18"
"125450","Julia Durant",\N,"2019-11-10"
"125587","Escape Plan",\N,"2019-07-05"
"125798","Dumb and Dumber",\N,"2014-11-07"
"125954","Grave Encounters",\N,"2012-10-02"
"125955","Shaun the Sheep",\N,"2021-12-03"
"126045","Ein Fall für Dr. Abel",\N,"2019-11-03"
"126280","Beste Zeit",\N,"2014-06-26"
"126300","Zielfahnder",\N,"2019-10-26"
"126449","Trainspotting",\N,"2017-01-22"
"127165","Zoombies",\N,"2019-03-26"
"127815","Weingut Wader",\N,"2019-11-29"
"127905","Hababam Sınıfı",\N,"1977-01-31"
"128452","Free! Timeless Medley",\N,"2017-07-01"
"128619","The Nut Job",\N,"2017-08-11"
"128656","Paddington",\N,"2017-11-05"
"128822","Free!",\N,"2017-10-28"
"128881","Jeepers Creepers",\N,"2022-09-15"
"128945","Flower Shop Mystery",\N,"2016-06-26"
"129376","Vier Meerjungfrauen",\N,"2007-12-17"
"129438","Bad Moms",\N,"2017-11-01"
"129602","Smokey and the Bandit",\N,"1983-08-12"
"129693","Beastmaster",\N,"2002-05-13"
"129718","Gnomeo and Juliet",\N,"2018-03-23"
"129744","Konflikt und Triumph",\N,"2019-10-06"
"129828","Meine Mutter ...",\N,"2022-11-04"
"129900","Meister des Todes",\N,"2020-04-01"
"130023","Jumanji",\N,"2019-12-04"
"130165","Dead or Alive",\N,"2000-12-02"
"130212","Herr und Frau Bulle",\N,"2021-04-24"
"130753","Volki i ovtsy",\N,"2019-01-24"
"130787","Angry Birds",\N,"2019-08-02"
"130789","Die Drei von der Müllabfuhr",\N,"2022-10-21"
"131108","Familie mit Hindernissen",\N,"2020-06-03"
"131549","Dr. Fu Man Chu",\N,"1980-08-08"
"132120","Best of the Best",\N,"1998-10-20"
"132632","Dennstein & Schwarz",\N,"2020-05-01"
"134875","47 Meters Down",\N,"2019-08-16"
"135353","All of My Heart",\N,"2018-09-29"
"135655","Ghoulies",\N,"1994-01-01"
"135717","Blind ermittelt",\N,"2023-04-24"
"136130","Dummie de Mummie",\N,"2017-09-23"
"136132","Belle et Sébastien",\N,"2022-08-24"
"136773","Subspecies",\N,"1998-12-08"
"137039","Problem Child",\N,"1995-05-13"
"137292","Mystère à Paris",\N,"2017-12-21"
"137655","Firefly",\N,"2019-09-15"
"137965","Kartoffelsalat",\N,"2020-01-30"
"138113","Die Nonne und der Kommissar",\N,"2012-03-07"
"138605","Intrigo",\N,"2019-10-10"
"138812","Shark Attack",\N,"2002-11-26"
"138967","I Love Democracy",\N,"2012-10-09"
"138974","Charlie Chan",\N,"1981-02-03"
"141514","Hausfrauen-Report",\N,"1978-01-01"
"141540","Billy Kuckuck",\N,"2022-09-30"
"142323","Hatchet",\N,"2017-08-22"
"142349","The Joy of ...",\N,"2018-09-04"
"142729","A Night at the Movies",\N,"2011-10-03"
"143203","Meurtres à...",\N,"2023-09-10"
"143326","The Musketeers",\N,"1989-08-25"
"143460","Mädchengeschichten",\N,"2010-05-16"
"143596","Carl Mørck",\N,"2018-09-29"
"143779","An American Girl",\N,"2009-01-05"
"143887","Camping",\N,"2016-06-07"
"143980","Puppet Master",\N,"2017-09-15"
"144038","Der gute Bulle",\N,"2020-10-30"
"145253","Koker trilogy",\N,"1994-09-15"
"145595","Der Ranger - Paradies Heimat",\N,"2022-02-11"
"146672","A Martha's Vineyard Mystery",\N,"2020-02-23"
"147477","Les Saisons meurtrières",\N,"2017-10-20"
"147549","Kenny Rogers as The Gambler",\N,"1987-01-01"
"147788","Hanni & Nanni",\N,"2017-05-25"
"148061","Vorzimmer zur Hölle",\N,"2013-04-25"
"148219","Die Lederstrumpferzählungen",\N,"1969-12-28"
"148622","Kizumonogatari",\N,"2017-01-06"
"148713","Ferdinand von Schirach: Feinde",\N,"2021-01-03"
"148865","Rise of the Footsoldier",\N,"2021-09-03"
"148894","The Christmas Chronicles",\N,"2020-11-25"
"148920","Snow",\N,"2008-12-14"
"148921","Anne of Green Gables",\N,"2017-07-17"
"148964","Das Kindermädchen",\N,"2021-05-21"
"149365","Maxe Baumann",\N,"1987-05-01"
"149742","Schwarzwaldkrimi",\N,"2021-01-04"
"149767","Alien Nation",\N,"1997-07-29"
"149804","Daimajin",\N,"1966-12-21"
"149819","A Fixer Upper Mystery",\N,"2017-04-02"
"150410","Small Axe",\N,"2020-12-13"
"151092","Collection Mary Higgins Clark, la Reine du Suspense",\N,"2018-01-09"
"151333","Stadtkomödie",\N,"2022-04-07"
"151372","S.O.S. Barracuda",\N,"2002-03-20"
"151530","Aurora Teagarden Mysteries",\N,"2022-02-20"
"151597","Eastrail 177",\N,"2019-01-07"
"151677","Neuilly sa mère !",\N,"2018-08-08"
"152095","Friday",\N,"2002-11-22"
"152262","To All the Boys I've Loved Before",\N,"2021-02-12"
"152344","Les profs",\N,"2015-07-01"
"152649","New York Portrait",\N,"1990-01-01"
"152699","The Lego Movie",\N,"2019-02-07"
"152700","Coming to America",\N,"2021-03-04"
"152782","Les trois frères",\N,"2014-02-12"
"153247","Marga Engel",\N,"2004-12-28"
"153467","House of Cards",\N,\N
"153651","Hartwig Seeler",\N,"2022-09-17"
"153691","Far til fire",\N,"2006-12-25"
"153694","Deutschland",\N,"2020-09-25"
"153918","Trilogía del Baztán",\N,"2020-07-24"
"154049","Erzgebirgskrimi",\N,"2022-12-21"
"154622","Extraklasse",\N,"2022-12-12"
"154627","Patlabor",\N,"2002-04-21"
"154800","Der Nürnberger Prozess",\N,"1996-01-01"
"154845","The Howling",\N,"2011-10-18"
"154937","Family of Cops",\N,"1999-01-12"
"155485","La vérité si je mens !",\N,"2012-02-01"
"155491","Die Nacht der reitenden Leichen",\N,"1975-01-01"
"155794","Jingi naki tatakai",\N,"1974-06-29"
"155835","Jönssonligan",\N,"2020-12-25"
"156169","Iron Sky",\N,"2019-01-16"
"156771","Deep Blue Sea",\N,"2020-07-28"
"157105","Klassentreffen",\N,"2020-01-23"
"157823","Sony Spider-Man Universe",\N,"2024-07-12"
"157876","Space Jam",\N,"2021-07-12"
"157906","Lavalantula",\N,"2016-08-06"
"157990","Atlantis",\N,"2003-04-23"
"158072","VeggieTales",\N,"2013-01-01"
"158079","Osmosis Jones",\N,"2004-07-05"
"158095","Shark Tale",\N,"2005-02-08"
"158098","Monsters vs. Aliens",\N,"2011-10-13"
"158103","Homestar Runner",\N,"2008-08-11"
"158142","Injustice",\N,"2021-10-19"
"158218","Kingdom Hearts",\N,"2019-01-25"
"158224","The Powerpuff Girls",\N,"2002-11-24"
"158291","DC Animated Universe",\N,"2006-05-13"
"158314","Wolverine",\N,"2024-03-01"
"158317","Deadpool",\N,"2021-07-13"
"158324","Sly Cooper",\N,"2013-02-05"
"158331","Conker",\N,"2005-06-21"
"158333","Ratchet & Clank",\N,"2021-06-11"
"158352","Jak and Daxter",\N,"2009-11-03"
"158358","The Nightmare Before Christmas",\N,"2004-10-21"
"158362","Crash Bandicoot",\N,"2023-06-20"
"158369","Halo",\N,"2022-05-19"
"158381","Assassin's Creed",\N,"2020-11-10"
"158395","Mass Effect",\N,"2017-03-21"
"158414","Spyro",\N,"2018-11-13"
"158445","A Bug's Life",\N,"1998-11-18"
"158451","God of War",\N,"2022-11-09"
"158457","Goosebumps",\N,"2018-10-12"
"158459","The Dark Knight Trilogy",\N,"2012-07-20"
"158498","Drei reizende Schwestern",\N,"1991-12-16"
"158564","Les Tuche",\N,"2021-12-08"
"158663","Batman: Arkham",\N,"2016-10-13"
"158666","Rayman",\N,"2013-08-29"
"158668","Green Lantern",\N,"2011-11-11"
"158672","The Legend of Spyro",\N,"2008-10-21"
"158676","Legacy of Kain",\N,"2003-11-11"
"158730","Mean Girls",\N,"2011-01-23"
"158731","Without a Paddle",\N,"2009-01-13"
"158735","Megamind",\N,"2011-01-01"
"159105","Banjo-Kazooie",\N,"2008-11-11"
"159369","The Big Lebowski",\N,"2019-10-16"
"159374","Borderlands",\N,"2024-08-09"
"159380","Tarzan",\N,"2005-06-14"
"159513","A Quiet Place",\N,"2020-03-08"
"159557","Towairaito shindorômu",\N,"2008-08-16"
"159561","Uncharted",\N,"2022-02-07"
"159624","Busanhaeng",\N,"2020-07-15"
"160428","The Hitman's Bodyguard",\N,"2021-06-16"
"161219","Oddworld",\N,"2021-04-06"
"161264","Doctor",\N,"1963-07-30"
"162306","Hei tai yang 731",\N,"1995-07-07"
"162388","Die Deutschen",\N,"2007-01-01"
"162945","Fear Street",\N,"2021-07-16"
"162950","The Boss Baby",\N,"2021-07-02"
"163427","Walking Tall",\N,"1977-05-31"
"163432","Børning",\N,"2020-10-09"
"163630","Brice",\N,"2016-09-23"
"163900","Le coeur des hommes",\N,"2013-09-22"
"164034","Die Jägerin",\N,"2021-09-13"
"164157","Vice Academy",\N,"1998-01-01"
"164172","Kommissar Thiel",\N,"2022-10-07"
"164216","Tanguy",\N,"2019-04-10"
"164258","Xtro",\N,"1995-11-14"
"164291","Henry: Portrait of a Serial Killer",\N,"1996-10-01"
"164394","Occupation",\N,"2020-10-30"
"164431","Tenshi no harawata",\N,"1994-09-10"
"165525","Watch Dogs",\N,"2020-10-29"
"165967","Don't Breathe",\N,"2021-08-13"
"166133","Hilfe-Trilogie",\N,"2021-09-02"
"166692","Maxim Gorky",\N,"1941-02-25"
"166893","LittleBigPlanet",\N,"2020-11-12"
"167092","Woman",\N,"2019-03-09"
"167153","Body Chemistry",\N,"1995-01-01"
"167154","Wicked Ghost",\N,"2002-01-01"
"167220","Escape Room",\N,"2021-07-01"
"167258","Jim Knopf",\N,"2020-10-01"
"167512","Die Kinder von St. Georg",\N,"2012-05-24"
"167521","The Kissing Booth",\N,"2021-08-11"
"167702","Änglagård",\N,"2010-12-25"
"167710","Godzilla",\N,"2019-05-30"
"167711","Wreck-It Ralph",\N,"2018-11-05"
"167860","Spuk",\N,"2003-09-18"
"167862","Nemez und Sneijder",\N,"2021-10-28"
"167912","Father of the Bride",\N,"2020-09-25"
"167975","The Circuit",\N,"2006-10-31"
"167990","Mätressen - Die geheime Macht der Frauen",\N,"2005-12-27"
"168070","Made in Abyss",\N,"2020-01-17"
"168866","Man hantingu",\N,"2012-04-04"
"169465","Baby Einstein",\N,"2010-11-16"
"169830","Gnadenlos",\N,"1999-03-19"
"169945","After",\N,"2021-09-01"
"170076","Top Gun",\N,"2022-05-25"
"171211","He Never Died",\N,"2019-09-19"
"171518","Snake Eater",\N,"1992-08-19"
"171664","August Underground",\N,"2007-03-30"
"171665","Gakkô no Kaidan",\N,"1999-01-01"
"171739","Utomlennye solntsem",\N,"2011-05-05"
"171968","Läppli",\N,"1961-01-01"
"172006","Augsburger Puppenkiste",\N,"1981-01-01"
"172500","Iron Eagle",\N,"1995-11-13"
"172538","Mary Poppins",\N,"2018-11-29"
"172655","Rogue Warfare",\N,"2020-01-02"
"172729","A Dog's Purpose",\N,"2019-05-17"
"172743","Baby's First Moves: Get Up and Go","168658","2006-10-10"
"172914","V/H/S",\N,"2022-09-14"
"172919","Madea",\N,"2019-02-28"
"173052","Far Cry",\N,"2021-10-07"
"173225","Air Bud",\N,"2002-02-21"
"173415","To Sir, with Love",\N,"1996-04-07"
"174385","Francis the Talking Mule",\N,"1956-01-01"
"174411","Super Troopers",\N,"2018-04-20"
"174459","Martin Mystery",\N,\N
"174495","Night of the Demons",\N,"1997-10-07"
"174810","A Good Man",\N,"2015-02-21"
"175044","Tomie",\N,"2011-05-14"
"175378","Assassination Classroom",\N,"2016-03-25"
"175379","Minions",\N,"2022-11-07"
"175380","Frozen",\N,"2019-11-07"
"175528","Flucht durchs Höllental",\N,"2022-03-07"
"175615","The Princess Switch",\N,"2021-11-18"
"175623","The Souvenir",\N,"2021-07-08"
"175828","The Decline Of Western Civilization",\N,"1998-01-01"
"176079","Maleficent",\N,"2019-10-16"
"176226","Kimetsu no Yaiba",\N,"2023-02-03"
"176312","Mr. Vampire",\N,"1988-01-01"
"176348","Basket Case",\N,"1992-01-01"
"176385","Tall Girl",\N,"2022-02-11"
"176398","My Little Pony",\N,"2021-09-24"
"176410","W lesie dziś nie zaśnie nikt",\N,"2021-10-27"
"176502","It",\N,"2019-08-26"
"176550","Christmas with a Prince",\N,"2021-11-07"
"176836","Jack Hunter",\N,"2009-01-06"
"176940","Die Pfefferkörner",\N,"2020-09-21"
"177356","Passau-Krimi",\N,"2022-04-07"
"177613","3 by Cheever",\N,"1979-11-07"
"177634","Les aventures de Tintin",\N,"1969-12-13"
"177640","Fireman Sam",\N,"2020-12-05"
"178134","Ninja",\N,"2013-09-20"
"178135","Slumber Party Massacre",\N,"1990-09-07"
"178388","Zoop",\N,"2007-07-18"
"178441","The Garden of Sinners",\N,"2008-12-20"
"178664","The Boy",\N,"2020-02-19"
"178665","Love Comes Softly",\N,"2009-04-04"
"178777","Prehysteria!",\N,"1995-09-26"
"178827","Children of the Corn",\N,"2020-10-23"
"178832","Sometimes They Come Back",\N,"1998-11-01"
"178886","Knight Rider",\N,"2009-03-04"
"179097","Wishmaster",\N,"2002-01-17"
"179240","Monkeyshines",\N,"1890-11-27"
"179309","Huevos",\N,"2015-08-20"
"179432","Teen Titans",\N,"2021-06-20"
"179598","CSI",\N,"2023-05-18"
"179600","Killer Tomatoes",\N,"1988-04-22"
"180086","Downton Abbey",\N,"2022-04-25"
"180106","Kangaroo Jack",\N,"2004-07-06"
"181102","Zombieland",\N,"2019-10-16"
"181444","Kommissar Brühl",\N,"2022-05-16"
"181506","Theresa Wolff",\N,"2023-05-06"
"181531","Zatôichi",\N,"1963-03-15"
"182340","FBI",\N,"2023-05-23"
"183499","The Haunting",\N,"2020-10-09"
"183650","French Blood",\N,"2020-03-13"
"184848","K.G.F",\N,"2022-04-13"
"184985","The Cheetah Girls",\N,"2008-08-12"
"185091","Andy Hardy",\N,"1941-08-15"
"185180","Gamera",\N,"1999-03-06"
"185239","La Septième Compagnie",\N,"1977-12-07"
"185249","Altaussee Krimi",\N,"2022-10-15"
"185293","Attack on Titan",\N,"2022-04-04"
"185404","This Is England",\N,"2011-12-15"
"185411","Berserk: Ougon jidai-hen",\N,"2013-02-01"
"185414","Kozure Ôkami",\N,"1973-08-11"
"185561","Cities of Love",\N,"2019-02-08"
"185957","Babysitting",\N,"2015-10-14"
"186411","Crime à ...",\N,"2022-07-05"
"186520","Monster High",\N,"2022-10-06"
"186945","Poison Ivy",\N,"2008-05-01"
"187304","Alle for én",\N,"2017-02-02"
"187306","Class of Nuke 'Em High",\N,"1994-01-01"
"187497","Money as Debt",\N,"2011-01-01"
"187702","Cinderella Story",\N,"2019-10-15"
"187926","Annie",\N,"2022-09-22"
"188143","Molly & Mops",\N,"2011-01-19"
"188174","My Super Psycho Sweet 16",\N,"2012-03-13"
"188288","365 dni",\N,"2022-08-19"
"188481","Kutsal Damacana",\N,"2023-01-20"
"188882","Les Mystères de...",\N,"2023-09-03"
"188950","Black Water",\N,"2020-07-04"
"189073","Fullmetal Alchemist",\N,"2022-06-24"
"189152","Zubekô banchô",\N,"1971-07-29"
"189251","Zombies",\N,"2022-07-15"
"189306","Recess",\N,"2003-12-03"
"189455","Sex and the City",\N,"2023-08-10"
"189472","Kommissarin Seiler ermittelt",\N,"2005-05-26"
"189569","Love Trilogy",\N,"2019-10-04"
"189621","Knives Out",\N,"2022-09-10"
"190138","Das Netz",\N,"2022-11-19"
"190150","Christmas in Evergreen",\N,"2020-12-05"
"190204","Ducobu",\N,"2020-01-12"
"190545","Up",\N,"1998-07-21"
"190565","Terrifier",\N,"2022-08-29"
"191006","Enola Holmes",\N,"2022-10-28"
"191515","Samurai",\N,"1956-01-01"
"191693","Trolls",\N,"2023-11-17"
"191694","Ooops!",\N,"2020-09-24"
"191744","V.C. Andrews' Ruby",\N,"2021-03-28"
"191830","Trilogie de Lucas Belvaux",\N,"2002-09-12"
"192330","A Gift to Remember",\N,"2019-11-24"
"192714","Der kleine Rabe Socke",\N,"2019-05-04"
"192939","Zeugen der Wahrheit",\N,"2022-01-01"
"193211","The Christmas House",\N,"2021-12-18"
"193350","Papa ou maman",\N,"2016-11-20"
"193656","The Trip",\N,"2020-03-03"
"193663","Göta kanal",\N,"2009-12-25"
"193670","Min søsters børn",\N,"2004-10-08"
"193672","Anja og Viktor",\N,"2003-04-04"
"194008","Die Spinnen",\N,"1920-02-02"
"194214","Confessions",\N,"1977-08-01"
"198095","Entourage",\N,"2015-05-27"
"198181","Recep İvedik",\N,"2022-12-09"
"198251","Wyrmwood",\N,"2021-10-08"
"198373","Shadow Warrior",\N,"2022-03-01"
"198381","Das Leben ist kein Kindergarten",\N,"2023-01-27"
"198764","Stepfather",\N,"1992-06-04"
"199203","Once Upon a Christmas",\N,"2001-12-08"
"199441","Nemesis",\N,"1996-02-06"
"199932","Chicago",\N,"2023-05-24"
"199953","Signed, Sealed, Delivered",\N,"2021-10-17"
"199978","Im Schatten der Angst",\N,"2023-02-19"
"199994","A Bread Factory",\N,"2018-10-26"
"201193","The Reef",\N,"2022-03-06"
"201202","Musallat",\N,"2023-02-03"
"201383","Manta, Manta",\N,"2023-03-26"
"201490","Klassefesten",\N,"2016-10-06"
"201887","Sing",\N,"2021-11-14"
"201896","Airport",\N,"1979-10-25"
"201971","Les trois mousquetaires",\N,"2023-12-13"
"202544","Hapax Legomena",\N,"1971-01-21"
"202731","Die Bestatterin",\N,"2023-03-30"
"203005","Klara Sonntag",\N,"2023-03-31"
"203026","Fuentes Family Home Movies Collection",\N,"1938-01-01"
"203133","Hakuoki",\N,"2014-03-08"
"203501","Der Dänemark-Krimi",\N,"2023-04-13"
"203557","Book Club",\N,"2023-05-10"
"203578","Princess Principal: Crown Handler",\N,"2021-09-23"
"203645","WaPo",\N,"2023-06-06"
"203946","Saints Row",\N,"2022-08-23"
"203953","Devil May Cry",\N,"2019-03-08"
"203959","Bayonetta",\N,"2023-03-21"
"203997","Destroy All Humans!",\N,"2008-12-01"
"204022","Meines Vaters Pferde",\N,"1954-02-05"
"204025","Buddenbrooks",\N,"1959-11-20"
"204069","Viewtiful Joe",\N,"2005-09-29"
"204073","Marvel: Ultimate Alliance",\N,"2019-07-19"
"204092","Extraction",\N,"2023-06-16"
"204161","The Croods",\N,"2022-11-25"
"204267","Jeanne la Pucelle",\N,"1994-02-10"
"204691","Murder Mystery",\N,"2023-03-31"
"204698","Pulse",\N,"2008-11-14"
"204806","Anchorman",\N,"2013-11-24"
"204808","Star Wars: Battlefront",\N,"2017-11-17"
"205081","Over the Hedge",\N,"2006-10-27"
"205083","Stuart Little",\N,"2005-10-11"
"205089","Resistance",\N,"2012-05-29"
"205100","Space Chimps",\N,"2010-05-28"
"205368","The Little Mermaid",\N,"2023-05-08"
"205407","Tak and the Power of Juju",\N,"2008-10-13"
"205440","South Park",\N,"2023-03-29"
"205487","Histoires de vies",\N,"2010-07-04"
"205507","X Trilogy",\N,"2022-09-03"
"205769","Tales of Arcadia",\N,"2021-07-21"
"205818","Why We Fight",\N,"1945-06-14"
"205887","Shirley Temple's Storybook",\N,"1961-03-05"
"205897","Endlich Witwer",\N,"2023-05-01"
"205904","My Hero Academia",\N,"2021-08-06"
"206726","Navajo Film Themselves",\N,"1966-01-01"
"206735","Heidi",\N,"1979-01-01"
"206752","Grand Theft Auto",\N,"2013-09-17"
"206778","Die Macht der Kränkung",\N,"2023-05-05"
"206827","Vaxxed",\N,"2019-01-01"
"206917","American Guinea Pig",\N,"2017-10-07"
"207293","Im Netz der Camorra",\N,"2022-12-08"
"207632","A Street Cat Named Bob",\N,"2020-11-06"
"207653","Meet the Blacks",\N,"2021-06-11"
"207667","Ponniyin Selvan",\N,"2023-04-28"
"207703","Faces of Death",\N,"1999-10-19"
"207707","Roots",\N,"1988-12-11"
"207734","Die Schule der magischen Tiere",\N,"2022-09-29"
"207862","A Plague Tale",\N,"2022-10-18"
"207866","2-Headed Shark Attack",\N,"2018-08-18"
"207986","Padre no hay más que uno",\N,"2022-07-14"
"208260","F.C. De Kampioenen",\N,"2019-12-18"
"208285","Meg",\N,"2023-06-09"
"208348","Beomjoidosi",\N,"2023-05-31"
"208357","Harte Jungs",\N,"2023-05-24"
"208721","Haikyû!",\N,"2017-09-29"
"208803","Sword Art Online Progressive",\N,"2022-10-22"
"208988","Rock Dog",\N,"2022-12-22"
"209067","No manches Frida",\N,"2019-03-15"
"209617","Hocus Pocus",\N,"2022-09-30"
"210414","The Old Guard",\N,"2020-07-10"
"210822","A través de mi ventana",\N,"2023-06-23"
"210985","Fisherman's Friends",\N,"2022-08-19"
"211123","Enkel für Anfänger",\N,"2023-09-07"
"211127","Detective Knight",\N,"2023-01-19"
"211405","Lexmark Advertising Film : \"Going To Work\"",\N,\N
"211558","Time Is Up",\N,"2022-10-14"
"211931","The Craft",\N,"2020-10-28"
"212063","Peter Rabbit",\N,"2021-03-25"
"212097","Blood and Ice Cream trilogy",\N,"2013-07-18"
"212134","R.I.P.D.",\N,"2022-09-14"
"212184","Krrish",\N,"2013-10-31"
"212693","The Addams Family",\N,"2021-10-01"
"212917","The Three Mesquiteers",\N,"1939-08-10"
"213035","The Boys",\N,"2023-09-29"
"213071","Tekken",\N,"2024-01-26"
"213080","Soulcalibur",\N,"2018-10-19"
"213105","Watchmen",\N,"2019-12-15"
"213171","Manhunt",\N,"2007-10-29"
"213786","Liu lang di qiu",\N,"2023-01-22"
"213927","The Legend of Zelda",\N,"2006-11-19"
"213928","Donkey Kong",\N,"1999-11-22"
"213994","The Substitute",\N,"2001-04-24"
"214109","Metal Gear",\N,"2015-09-01"
"214299","Super Smash Bros.",\N,"2018-12-07"
"214304","Gex",\N,"1999-03-23"
"214315","Luigi's Mansion",\N,"2019-10-31"
"214324","The Fairly OddParents",\N,"2017-07-26"
"214959","Vacation Friends",\N,"2023-08-25"
"215026","Twin Peaks",\N,"2017-09-03"
"215189","Care Bears",\N,"1985-03-23"
"215339","Zenon",\N,"2004-06-11"
"215512","Dead Space",\N,"2013-02-05"
"215769","Ghost in the Shell: Arise",\N,"2014-09-06"
"216217","Dragon Age",\N,"2014-11-18"
"217244","Prince of Persia",\N,"2010-05-20"
"217247","Call of Duty",\N,"2006-11-07"
"217397","Sam & Max",\N,"2010-04-02"
"217450","Inspector Gadget",\N,"2005-09-06"
"217879","Samurai Jack",\N,"2020-06-16"
"217883","The Jack in the Box",\N,"2022-01-03"
"218107","Brother Bear",\N,"2006-08-29"
"218111","Tony Hawk's",\N,"2020-09-04"
"218115","Skylanders",\N,"2016-10-28"
"218119","Aladdin",\N,"2019-05-08"
"218131","Dishonored",\N,"2017-09-15"
"218134","Buffyverse",\N,"2004-05-19"
"218755","Wall Street",\N,"2010-05-14"
"218756","Boo! A Madea Halloween",\N,"2017-10-20"
